item_id_unique,order,icon_url,availability,app_id,country,region,comment,,
3000,"1000","assets/media/engagement/intermediate/avatars/DBLAIconDefault.png",,1,,,,,
3001,"1001","assets/media/engagement/intermediate/avatars/DBLAIconAlien.png",,,,,,,
3002,"1002","assets/media/engagement/intermediate/avatars/DBLAIconBaseball.png",,,,,,,
3003,"1003","assets/media/engagement/intermediate/avatars/DBLAIconBasketball.png",,,,,,,
3004,"1004","assets/media/engagement/intermediate/avatars/DBLAIconBeachball.png",,,,,,,
3005,"1005","assets/media/engagement/intermediate/avatars/DBLAIconBeaker.png",,,,,,,
3006,"1006","assets/media/engagement/intermediate/avatars/DBLAIconBunny.png",,,,,,,
3013,"1007","assets/media/engagement/intermediate/avatars/DBLAIconCat.png",,,,,,,
3014,"1008","assets/media/engagement/intermediate/avatars/DBLAIconDog.png",,,,,,,
3015,"1009","assets/media/engagement/intermediate/avatars/DBLAIconEagle.png",,,,,,,
3016,"1010","assets/media/engagement/intermediate/avatars/DBLAIconElephant.png",,,,,,,
3096,"1011","assets/media/engagement/intermediate/avatars/DBLAIconFlappy1.png",,,,,,,
3097,"1012","assets/media/engagement/intermediate/avatars/DBLAIconHeart.png",,,,,,,
3109,"1013","assets/media/engagement/intermediate/avatars/DBLAIconToast.png",,,,,,,
3084,"1014","assets/media/engagement/intermediate/avatars/DBLAIconPopsicle1.png",,,,,,,
3085,"1015","assets/media/engagement/intermediate/avatars/DBLAIconPopsicle2.png",,,,,,,
3086,"1016","assets/media/engagement/intermediate/avatars/DBLAIconPopsicle3.png",,,,,,,
3087,"1017","assets/media/engagement/intermediate/avatars/DBLAIconPopsicle4.png",,,,,,,
3090,"1018","assets/media/engagement/intermediate/avatars/DBLAIconBear.png",,,,,,,
3017,"1019","assets/media/engagement/intermediate/avatars/DBLAIconExpression01.png",,,,,,,
3018,"1020","assets/media/engagement/intermediate/avatars/DBLAIconFace01.png",,,,,,,
3019,"1030","assets/media/engagement/intermediate/avatars/DBLAIconFace02.png",,,,,,,
3020,"1040","assets/media/engagement/intermediate/avatars/DBLAIconFace03.png",,,,,,,
3021,"1050","assets/media/engagement/intermediate/avatars/DBLAIconFace04.png",,,,,,,
3022,"1060","assets/media/engagement/intermediate/avatars/DBLAIconFace05.png",,,,,,,
3023,"1070","assets/media/engagement/intermediate/avatars/DBLAIconFace06.png",,,,,,,
3024,"1080","assets/media/engagement/intermediate/avatars/DBLAIconFace07.png",,,,,,,
3025,"1090","assets/media/engagement/intermediate/avatars/DBLAIconFace08.png",,,,,,,
3026,"2000","assets/media/engagement/intermediate/avatars/DBLAIconFace09.png",,,,,,,
3027,"2010","assets/media/engagement/intermediate/avatars/DBLAIconFace10.png",,,,,,,
3028,"2020","assets/media/engagement/intermediate/avatars/DBLAIconFace11.png",,,,,,,
3029,"2030","assets/media/engagement/intermediate/avatars/DBLAIconFace12.png",,,,,,,
3098,"2031","assets/media/engagement/intermediate/avatars/DBLAIconMouthFeed1.png",,,,,,,
3099,"2032","assets/media/engagement/intermediate/avatars/DBLAIconMouthFeed2.png",,,,,,,
3100,"2033","assets/media/engagement/intermediate/avatars/DBLAIconMouthFeed3.png",,,,,,,
3101,"2034","assets/media/engagement/intermediate/avatars/DBLAIconMouthFeed4.png",,,,,,,
3102,"2035","assets/media/engagement/intermediate/avatars/DBLAIconMouthFeed5.png",,,,,,,
3081,"2036","assets/media/engagement/intermediate/avatars/DBLAIconBot1.png",,,,,,,
3082,"2037","assets/media/engagement/intermediate/avatars/DBLAIconBot2.png",,,,,,,
3083,"2038","assets/media/engagement/intermediate/avatars/DBLAIconBot3.png",,,,,,,
3030,"2040","assets/media/engagement/intermediate/avatars/DBLAIconFish01.png",,,,,,,
3031,"2050","assets/media/engagement/intermediate/avatars/DBLAIconFish02.png",,,,,,,
3032,"2060","assets/media/engagement/intermediate/avatars/DBLAIconFish03.png",,,,,,,
3033,"2070","assets/media/engagement/intermediate/avatars/DBLAIconFlower01.png",,,,,,,
3034,"2080","assets/media/engagement/intermediate/avatars/DBLAIconFlower02.png",,,,,,,
3035,"2090","assets/media/engagement/intermediate/avatars/DBLAIconFlower03.png",,,,,,,
3036,"3000","assets/media/engagement/intermediate/avatars/DBLAIconFootball.png",,,,,,,
3037,"3010","assets/media/engagement/intermediate/avatars/DBLAIconFrisbee.png",,,,,,,
3038,"3020","assets/media/engagement/intermediate/avatars/DBLAIconIcehockey.png",,,,,,,
3039,"3030","assets/media/engagement/intermediate/avatars/DBLAIconIceskate.png",,,,,,,
3040,"3040","assets/media/engagement/intermediate/avatars/DBLAIconLacrosse.png",,,,,,,
3041,"3050","assets/media/engagement/intermediate/avatars/DBLAIconLadybug.png",,,,,,,
3042,"3060","assets/media/engagement/intermediate/avatars/DBLAIconLightning.png",,,,,,,
3094,"3061","assets/media/engagement/intermediate/avatars/DBLAIconEyeball.png",,,,,,,
3095,"3062","assets/media/engagement/intermediate/avatars/DBLAIconEyeball2.png",,,,,,,
3088,"3063","assets/media/engagement/intermediate/avatars/DBLAIconAttaBuoy1.png",,,,,,,
3089,"3064","assets/media/engagement/intermediate/avatars/DBLAIconAttaBuoy2.png",,,,,,,
3043,"3070","assets/media/engagement/intermediate/avatars/DBLAIconMusic01.png",,,,,,,
3044,"3080","assets/media/engagement/intermediate/avatars/DBLAIconMusic02.png",,,,,,,
3078,"3081","assets/media/engagement/intermediate/avatars/DBLAIconBeast1.png",,,,,,,
3079,"3082","assets/media/engagement/intermediate/avatars/DBLAIconBeast2.png",,,,,,,
3080,"3083","assets/media/engagement/intermediate/avatars/DBLAIconBeast3.png",,,,,,,
3008,"3085","assets/media/engagement/intermediate/avatars/DBLAIconCap02.png",,,,,,,
3045,"3090","assets/media/engagement/intermediate/avatars/DBLAIconPenguin.png",,,,,,,
3046,"4000","assets/media/engagement/intermediate/avatars/DBLAIconRobot.png",,,,,,,
3047,"4010","assets/media/engagement/intermediate/avatars/DBLAIconSeaturtle.png",,,,,,,
3048,"4020","assets/media/engagement/intermediate/avatars/DBLAIconSkull.png",,,,,,,
3049,"4030","assets/media/engagement/intermediate/avatars/DBLAIconSkullbunny01.png",,,,,,,
3050,"4040","assets/media/engagement/intermediate/avatars/DBLAIconSkullbunny02.png",,,,,,,
3051,"4050","assets/media/engagement/intermediate/avatars/DBLAIconSoccer.png",,,,,,,
3052,"4060","assets/media/engagement/intermediate/avatars/DBLAIconTennis.png",,,,,,,
3053,"4070","assets/media/engagement/intermediate/avatars/DBLAIconVolleyball.png",,,,,,,
3074,"4071","assets/media/engagement/intermediate/avatars/DBLAIconAstro1.png",,,,,,,
3075,"4072","assets/media/engagement/intermediate/avatars/DBLAIconAstro2.png",,,,,,,
3076,"4073","assets/media/engagement/intermediate/avatars/DBLAIconAstro3.png",,,,,,,
3077,"4074","assets/media/engagement/intermediate/avatars/DBLAIconAstro4.png",,,,,,,
3092,"4075","assets/media/engagement/intermediate/avatars/DBLAIconBeesAway1.png",,,,,,,
3093,"4076","assets/media/engagement/intermediate/avatars/DBLAIconBeesAway2.png",,,,,,,
3007,"4080","assets/media/engagement/intermediate/avatars/DBLAIconCap01.png",,,,,,,
3009,"5000","assets/media/engagement/intermediate/avatars/DBLAIconCap03.png",,,,,,,
3010,"5010","assets/media/engagement/intermediate/avatars/DBLAIconCap04.png",,,,,,,
3011,"5020","assets/media/engagement/intermediate/avatars/DBLAIconCap05.png",,,,,,,
3012,"5030","assets/media/engagement/intermediate/avatars/DBLAIconCap06.png",,,,,,,
3103,"5031","assets/media/engagement/intermediate/avatars/DBLAIconNascat1.png",,,,,,,
3104,"5032","assets/media/engagement/intermediate/avatars/DBLAIconNascat2.png",,,,,,,
3105,"5033","assets/media/engagement/intermediate/avatars/DBLAIconNascat3.png",,,,,,,
3106,"5034","assets/media/engagement/intermediate/avatars/DBLAIconNascat4.png",,,,,,,
3054,"5040","assets/media/engagement/intermediate/avatars/DBLAIconButterfly.png",,,,,,,
3055,"5050","assets/media/engagement/intermediate/avatars/DBLAIconCaution.png",,,,,,,
3056,"5060","assets/media/engagement/intermediate/avatars/DBLAIconHeartMusic.png",,,,,,,
3057,"5070","assets/media/engagement/intermediate/avatars/DBLAIconPirate.png",,,,,,,
3058,"5080","assets/media/engagement/intermediate/avatars/DBLAIconPopstar.png",,,,,,,
3059,"5090","assets/media/engagement/intermediate/avatars/DBLAIconRollerskates1.png",,,,,,,
3060,"6000","assets/media/engagement/intermediate/avatars/DBLAIconRollerskates2.png",,,,,,,
3061,"6010","assets/media/engagement/intermediate/avatars/DBLAIconScience.png",,,,,,,
3062,"6020","assets/media/engagement/intermediate/avatars/DBLAIconScience2.png",,,,,,,
3063,"6030","assets/media/engagement/intermediate/avatars/DBLAIconSkateboard.png",,,,,,,
3064,"6040","assets/media/engagement/intermediate/avatars/DBLAIconAlien01.png",,,,,,,
3065,"6050","assets/media/engagement/intermediate/avatars/DBLAIconAlien02.png",,,,,,,
3066,"6060","assets/media/engagement/intermediate/avatars/DBLAIconAlien03.png",,,,,,,
3067,"6070","assets/media/engagement/intermediate/avatars/DBLAIconAlien04.png",,,,,,,
3068,"6080","assets/media/engagement/intermediate/avatars/DBLAIconAlien05.png",,,,,,,
3069,"6090","assets/media/engagement/intermediate/avatars/DBLAIconMonster01.png",,,,,,,
3070,"7000","assets/media/engagement/intermediate/avatars/DBLAIconMonster02.png",,,,,,,
3071,"7010","assets/media/engagement/intermediate/avatars/DBLAIconMonster03.png",,,,,,,
3072,"7020","assets/media/engagement/intermediate/avatars/DBLAIconMonster04.png",,,,,,,
3073,"7030","assets/media/engagement/intermediate/avatars/DBLAIconMonster05.png",,,,,,,
3110,"8000","assets/media/engagement/intermediate/avatars/DBLAIconSneaker.png",,,,,,,
3107,"8010","assets/media/engagement/intermediate/avatars/DBLAIconOctopus.png",,,,,,,
3108,"8020","assets/media/engagement/intermediate/avatars/DBLAIconRocketRabbit.png",,,,,,,
3091,"8030","assets/media/engagement/intermediate/avatars/DBLAIconBearPool.png",,,,,,,
3111,"407","assets/media/engagement/intermediate/avatars/DBLAIconSnowflake.png","winter",,,,,,
3112,"408","assets/media/engagement/intermediate/avatars/DBLAIconWinter01.png","winter",,,,,,
3113,"409","assets/media/engagement/intermediate/avatars/DBLAIconWinter02.png","winter",,,,,,
3114,"410","assets/media/engagement/intermediate/avatars/DBLAIconWinter03.png","winter",,,,,,
3115,"411","assets/media/engagement/intermediate/avatars/DBLAIconWinter04.png","winter",,,,,,
3116,"412","assets/media/engagement/intermediate/avatars/DBLAIconWinter05.png","winter",,,,,,
3117,"413","assets/media/engagement/intermediate/avatars/DBLAIconWinter06.png","winter",,,,,,
3118,"414","assets/media/engagement/intermediate/avatars/DBLAIconWinter07.png","winter",,,,,,
3119,"415","assets/media/engagement/intermediate/avatars/DBLAIconWinter08.png","winter",,,,,,
3120,"416","assets/media/engagement/intermediate/avatars/DBLAIconWinter09.png","winter",,,,,,
3121,"417","assets/media/engagement/intermediate/avatars/DBLAIconWinter10.png","winter",,,,,,
3122,"418","assets/media/engagement/intermediate/avatars/DBLAIconWinter11.png","winter",,,,,,
3130,"306","assets/media/engagement/intermediate/avatars/DBLAIconLeafFall.png","fall",,,,,,
3131,"307","assets/media/engagement/intermediate/avatars/DBLAIconGhosty.png","fall",,,,,,
3132,"308","assets/media/engagement/intermediate/avatars/DBLAIconPumpkin.png","fall",,,,,,
3133,"309","assets/media/engagement/intermediate/avatars/DBLAIconPumpkinLatte.png","fall",,,,,,
3134,"310","assets/media/engagement/intermediate/avatars/DBLAIconFrankie.png","fall",,,,,,
3135,"311","assets/media/engagement/intermediate/avatars/DBLAIconMushrooms.png","fall",,,,,,
3136,"312","assets/media/engagement/intermediate/avatars/DBLAIconHallowKitty1.png","fall",,,,,,
3137,"313","assets/media/engagement/intermediate/avatars/DBLAIconHallowKitty2.png","fall",,,,,,
3138,"314","assets/media/engagement/intermediate/avatars/DBLAIconCorgi.png","fall",,,,,,
3139,"315","assets/media/engagement/intermediate/avatars/DBLAIconUmbrella.png","fall",,,,,,
3140,"316","assets/media/engagement/intermediate/avatars/DBLAIconRainCloud.png","fall",,,,,,
3141,"317","assets/media/engagement/intermediate/avatars/DBLAIconCatPlant.png","fall",,,,,,
3142,"318","assets/media/engagement/intermediate/avatars/DBLAIconPizza.png","fall",,,,,,
3143,"319","assets/media/engagement/intermediate/avatars/DBLAIconRaven.png","fall",,,,,,
3144,"320","assets/media/engagement/intermediate/avatars/DBLAIconOwl.png","fall",,,,,,
3145,"321","assets/media/engagement/intermediate/avatars/DBLAIconGameCtlr.png","fall",,,,,,
3146,"404","assets/media/engagement/intermediate/avatars/DBLAIconWinter12.png","winter",,,,,,
3147,"405","assets/media/engagement/intermediate/avatars/DBLAIconWinter13.png","winter",,,,,,
3148,"406","assets/media/engagement/intermediate/avatars/DBLAIconWinter14.png","winter",,,,,,
3149,"303","assets/media/engagement/intermediate/avatars/DBLAIconFallAcorns.png","fall",,,,,,
3150,"304","assets/media/engagement/intermediate/avatars/DBLAIconFallCandyCorn.png","fall",,,,,,
3151,"301","assets/media/engagement/intermediate/avatars/DBLAIconFallMoonBats.png","fall",,,,,,
3152,"305","assets/media/engagement/intermediate/avatars/DBLAIconFallRedFox.png","fall",,,,,,
3153,"302","assets/media/engagement/intermediate/avatars/DBLAIconFallRedLeaf.png","fall",,,,,,
3154,"401","assets/media/engagement/intermediate/avatars/DBLAIconWinterCandyCanes.png","winter",,,,,,
3155,"403","assets/media/engagement/intermediate/avatars/DBLAIconWinterGingerbread.png","winter",,,,,,
3156,"402","assets/media/engagement/intermediate/avatars/DBLAIconWinterStockingCap.png","winter",,,,,,
3157,"102","assets/media/engagement/intermediate/avatars/DBLAIconSpringBirdhouse.png","spring",,,,,,
3158,"103","assets/media/engagement/intermediate/avatars/DBLAIconSpringRainDucky.png","spring",,,,,,
3159,"101","assets/media/engagement/intermediate/avatars/DBLAIconSpringUmbrella.png","spring",,,,,,
3200,"10001","assets/media/engagement/intermediate/avatars/DBLAIconTX_Armadillo.png",,,,,,,
3201,"10002","assets/media/engagement/intermediate/avatars/DBLAIconTX_Chili.png",,,,,,,
3202,"10003","assets/media/engagement/intermediate/avatars/DBLAIconTX_Lonestar.png",,,TX,,,,
3203,"10004","assets/media/engagement/intermediate/avatars/DBLAIconTX_LongHorn.png",,,,,,,
3175,"1000","assets/media/engagement/intermediate/avatars/DBLA_35_IconDefault.png",,2,,,,,
