item_id_unique, order, title, music_url,count,availability, country, region, comment
4000, "0", "Letâ€™s Jam", "assets/audio/engagement/intermediate/music/numb3rjam",3,,,,
4001, "10", "Denomination", "assets/audio/engagement/intermediate/music/denomin8tion",3,,,,
4011, "20", "The Boogie Formula", "assets/audio/engagement/intermediate/music/theboogieformula",3,,,,
4006, "30", "Square Dancin'", "assets/audio/engagement/intermediate/music/circlinsquaredance",3,,,,
4009, "40", "Somewhere Out There", "assets/audio/engagement/intermediate/music/sumwhereoutthere",3,,,,
4002, "50", "Traction Action", "assets/audio/engagement/intermediate/music/subtractionaction",3,,,,
4008, "60", "Least Common", "assets/audio/engagement/intermediate/music/leastcommon",3,,,,
4005, "70", "A Cute Jumper", "assets/audio/engagement/intermediate/music/acutejumper",3,,,,
4003, "80", "Letâ€™s Add It", "assets/audio/engagement/intermediate/music/letsaddit",3,,,,
4010, "90", "Takes Two to Tango", "assets/audio/engagement/intermediate/music/takes2totangent",3,,,,
4004, "100", "Infinity Grind", "assets/audio/engagement/intermediate/music/infinitygrind",3,,,,
4007, "110", "Dropped Bass", "assets/audio/engagement/intermediate/music/droppedbase",3,,,,
4013, "2", "Go! Venn, Go!", "assets/audio/engagement/intermediate/music/govenngo",3,"fall",,,
4015, "3", "Partying Primes", "assets/audio/engagement/intermediate/music/partyingprimes",3,"fall",,,
4012, "4", "Boolean Bounce", "assets/audio/engagement/intermediate/music/booleanbounce",3,"fall",,,
4016, "5", "Strangely Eighties", "assets/audio/engagement/intermediate/music/strangelyeighties",3,"fall",,,
4014, "6", "Hex A Decimal", "assets/audio/engagement/intermediate/music/hexadecimal",3,"fall",,,
4017, "1", "Mathemagical", "assets/audio/engagement/intermediate/music/mathemagical",3,"winter",,,
4018, "2", "Wintry Mixtape", "assets/audio/engagement/intermediate/music/wintrymixtape",3,"winter",,,