item_id_unique, order, wallpaper_url, thumbnail_url, availability, country, region, comment, app_id
2000, "1000", "assets/media/engagement/intermediate/wallpapers/DBLAWallpapersDefault.jpg", "assets/media/engagement/intermediate/wallpapers/DBLAWallpapersDefaultThumb.jpg",,,,,1
2500, "1001", "assets/media/engagement/intermediate/wallpapers/DBLAWallpapersCoolFrostDefault.jpg", "assets/media/engagement/intermediate/wallpapers/DBLAWallpapersCoolFrostDefaultThumb.jpg",,,,,
2501, "1002", "assets/media/engagement/intermediate/wallpapers/DBLAWallpapersNeonDefault.jpg", "assets/media/engagement/intermediate/wallpapers/DBLAWallpapersNeonDefaultThumb.jpg",,,,,
2020, "1003", "assets/media/engagement/intermediate/wallpapers/DBLAWallpapersStella.jpg", "assets/media/engagement/intermediate/wallpapers/DBLAWallpapersStellaThumb.jpg",,,,,
2029, "1004", "assets/media/engagement/intermediate/wallpapers/DBLAWallpapersLittlemonsters.png", "assets/media/engagement/intermediate/wallpapers/DBLAWallpapersLittlemonstersThumb.jpg",,,,,
2035, "1005", "assets/media/engagement/intermediate/wallpapers/DBLAWallpapersPurpledots.jpg", "assets/media/engagement/intermediate/wallpapers/DBLAWallpapersPurpledotsThumb.jpg",,,,,
2036, "1006", "assets/media/engagement/intermediate/wallpapers/DBLAWallpapersGreengubsmile.jpg", "assets/media/engagement/intermediate/wallpapers/DBLAWallpapersGreengubsmileThumb.jpg",,,,,
2072, "1007", "assets/media/engagement/intermediate/wallpapers/DBLAWallpapersToast1.jpg", "assets/media/engagement/intermediate/wallpapers/DBLAWallpapersToast1Thumb.jpg",,,,,
2065, "1008", "assets/media/engagement/intermediate/wallpapers/DBLAWallpapersGothy1.jpg", "assets/media/engagement/intermediate/wallpapers/DBLAWallpapersGothy1Thumb.jpg",,,,,
2003, "1009", "assets/media/engagement/intermediate/wallpapers/DBLAWallpapersCandyland.png", "assets/media/engagement/intermediate/wallpapers/DBLAWallpapersCandylandThumb.jpg",,,,,
2012, "1010", "assets/media/engagement/intermediate/wallpapers/DBLAWallpapersPattern2.png", "assets/media/engagement/intermediate/wallpapers/DBLAWallpapersPattern2Thumb.jpg",,,,,
2019, "1011", "assets/media/engagement/intermediate/wallpapers/DBLAWallpapersSpacefish1.jpg", "assets/media/engagement/intermediate/wallpapers/DBLAWallpapersSpacefish1Thumb.jpg",,,,,
2037, "1012", "assets/media/engagement/intermediate/wallpapers/DBLAWallpapersStripes1.png", "assets/media/engagement/intermediate/wallpapers/DBLAWallpapersStripes1Thumb.jpg",,,,,
2049, "1013", "assets/media/engagement/intermediate/wallpapers/DBLAWallpapersBotVSMonster.jpg", "assets/media/engagement/intermediate/wallpapers/DBLAWallpapersBotVSMonsterThumb.jpg",,,,,
2069, "1014", "assets/media/engagement/intermediate/wallpapers/DBLAWallpapersRocketRabbit1.jpg", "assets/media/engagement/intermediate/wallpapers/DBLAWallpapersRocketRabbit1Thumb.jpg",,,,,
2050, "1015", "assets/media/engagement/intermediate/wallpapers/DBLAWallpapersFootball.jpg", "assets/media/engagement/intermediate/wallpapers/DBLAWallpapersFootballThumb.jpg",,,,,
2007, "1016", "assets/media/engagement/intermediate/wallpapers/DBLAWallpapersFuzzybunnies.jpg", "assets/media/engagement/intermediate/wallpapers/DBLAWallpapersFuzzybunniesThumb.jpg",,,,,
2009, "1017", "assets/media/engagement/intermediate/wallpapers/DBLAWallpapersIndustrial.jpg", "assets/media/engagement/intermediate/wallpapers/DBLAWallpapersIndustrialThumb.jpg",,,,,
2038, "1018", "assets/media/engagement/intermediate/wallpapers/DBLAWallpapersStarburst.jpg", "assets/media/engagement/intermediate/wallpapers/DBLAWallpapersStarburstThumb.jpg",,,,,
2053, "1019", "assets/media/engagement/intermediate/wallpapers/DBLAWallpapersRaftRescue1.jpg", "assets/media/engagement/intermediate/wallpapers/DBLAWallpapersRaftRescue1Thumb.jpg",,,,,
2008, "1020", "assets/media/engagement/intermediate/wallpapers/DBLAWallpapersGraffiti.jpg", "assets/media/engagement/intermediate/wallpapers/DBLAWallpapersGraffitiThumb.jpg",,,,,
2022, "1021", "assets/media/engagement/intermediate/wallpapers/DBLAWallpapersPixies.jpg", "assets/media/engagement/intermediate/wallpapers/DBLAWallpapersPixiesThumb.jpg",,,,,
2015, "1022", "assets/media/engagement/intermediate/wallpapers/DBLAWallpapersSoccer.jpg", "assets/media/engagement/intermediate/wallpapers/DBLAWallpapersSoccerThumb.jpg",,,,,
2013, "1023", "assets/media/engagement/intermediate/wallpapers/DBLAWallpapersPetrocks.png", "assets/media/engagement/intermediate/wallpapers/DBLAWallpapersPetrocksThumb.jpg",,,,,
2039, "1024", "assets/media/engagement/intermediate/wallpapers/DBLAWallpapersGubrawk.jpg", "assets/media/engagement/intermediate/wallpapers/DBLAWallpapersGubrawkThumb.jpg",,,,,
2070, "1025", "assets/media/engagement/intermediate/wallpapers/DBLAWallpapersRocketRabbit2.jpg", "assets/media/engagement/intermediate/wallpapers/DBLAWallpapersRocketRabbit2Thumb.jpg",,,,,
2061, "1026", "assets/media/engagement/intermediate/wallpapers/DBLAWallpapersBees1.jpg", "assets/media/engagement/intermediate/wallpapers/DBLAWallpapersBees1Thumb.jpg",,,,,
2011, "1027", "assets/media/engagement/intermediate/wallpapers/DBLAWallpapersPattern1.jpg", "assets/media/engagement/intermediate/wallpapers/DBLAWallpapersPattern1Thumb.jpg",,,,,
2028, "1030", "assets/media/engagement/intermediate/wallpapers/DBLAWallpapersLacrosse.jpg", "assets/media/engagement/intermediate/wallpapers/DBLAWallpapersLacrosseThumb.jpg",,,,,
2017, "1040", "assets/media/engagement/intermediate/wallpapers/DBLAWallpapersSpace.jpg", "assets/media/engagement/intermediate/wallpapers/DBLAWallpapersSpaceThumb.jpg",,,,,
2040, "1045", "assets/media/engagement/intermediate/wallpapers/DBLAWallpapersUmbrellafishy.png", "assets/media/engagement/intermediate/wallpapers/DBLAWallpapersUmbrellafishyThumb.jpg",,,,,
2047, "1047", "assets/media/engagement/intermediate/wallpapers/DBLAWallpapersAnimals.jpg", "assets/media/engagement/intermediate/wallpapers/DBLAWallpapersAnimalsThumb.jpg",,,,,
2060, "1048", "assets/media/engagement/intermediate/wallpapers/DBLAWallpapersSunFun.jpg", "assets/media/engagement/intermediate/wallpapers/DBLAWallpapersSunFunThumb.jpg",,,,,
2027, "1050", "assets/media/engagement/intermediate/wallpapers/DBLAWallpapersFashion.jpg", "assets/media/engagement/intermediate/wallpapers/DBLAWallpapersFashionThumb.jpg",,,,,
2021, "1060", "assets/media/engagement/intermediate/wallpapers/DBLAWallpapersPirates.jpg", "assets/media/engagement/intermediate/wallpapers/DBLAWallpapersPiratesThumb.jpg",,,,,
2004, "1070", "assets/media/engagement/intermediate/wallpapers/DBLAWallpapersCircus.jpg", "assets/media/engagement/intermediate/wallpapers/DBLAWallpapersCircusThumb.jpg",,,,,
2041, "1075", "assets/media/engagement/intermediate/wallpapers/DBLAWallpapersGubframe.jpg", "assets/media/engagement/intermediate/wallpapers/DBLAWallpapersGubframeThumb.jpg",,,,,
2071, "1077", "assets/media/engagement/intermediate/wallpapers/DBLAWallpapersRocketRabbit3.jpg", "assets/media/engagement/intermediate/wallpapers/DBLAWallpapersRocketRabbit3Thumb.jpg",,,,,
2054, "1078", "assets/media/engagement/intermediate/wallpapers/DBLAWallpapersRaftRescue2.jpg", "assets/media/engagement/intermediate/wallpapers/DBLAWallpapersRaftRescue2Thumb.jpg",,,,,
2024, "1080", "assets/media/engagement/intermediate/wallpapers/DBLAWallpapersDinosaurs.jpg", "assets/media/engagement/intermediate/wallpapers/DBLAWallpapersDinosaursThumb.jpg",,,,,
2002, "1090", "assets/media/engagement/intermediate/wallpapers/DBLAWallpapersBasketball.jpg", "assets/media/engagement/intermediate/wallpapers/DBLAWallpapersBasketballThumb.jpg",,,,,
2026, "2000", "assets/media/engagement/intermediate/wallpapers/DBLAWallpapersDenim.jpg", "assets/media/engagement/intermediate/wallpapers/DBLAWallpapersDenimThumb.jpg",,,,,
2067, "2008", "assets/media/engagement/intermediate/wallpapers/DBLAWallpapersMouthsFeed1.jpg", "assets/media/engagement/intermediate/wallpapers/DBLAWallpapersMouthsFeed1Thumb.jpg",,,,,
2063, "2009", "assets/media/engagement/intermediate/wallpapers/DBLAWallpapersBees3.jpg", "assets/media/engagement/intermediate/wallpapers/DBLAWallpapersBees3Thumb.jpg",,,,,
2014, "2010", "assets/media/engagement/intermediate/wallpapers/DBLAWallpapersPinkwinter.jpg", "assets/media/engagement/intermediate/wallpapers/DBLAWallpapersPinkwinterThumb.jpg",,,,,
2018, "2020", "assets/media/engagement/intermediate/wallpapers/DBLAWallpapersSpace2.jpg", "assets/media/engagement/intermediate/wallpapers/DBLAWallpapersSpace2Thumb.jpg",,,,,
2030, "2030", "assets/media/engagement/intermediate/wallpapers/DBLAWallpapersLittlemonstersbonus.png", "assets/media/engagement/intermediate/wallpapers/DBLAWallpapersLittlemonstersbonusThumb.jpg",,,,,
2042, "2035", "assets/media/engagement/intermediate/wallpapers/DBLAWallpapersPinkcritters.png", "assets/media/engagement/intermediate/wallpapers/DBLAWallpapersPinkcrittersThumb.jpg",,,,,
2066, "2036", "assets/media/engagement/intermediate/wallpapers/DBLAWallpapersHyperFirefly1.jpg", "assets/media/engagement/intermediate/wallpapers/DBLAWallpapersHyperFirefly1Thumb.jpg",,,,,
2055, "2037", "assets/media/engagement/intermediate/wallpapers/DBLAWallpapersRaftRescuewall3.jpg", "assets/media/engagement/intermediate/wallpapers/DBLAWallpapersRaftRescuewall3Thumb.jpg",,,,,
2032, "2040", "assets/media/engagement/intermediate/wallpapers/DBLAWallpapersOctopus.jpg", "assets/media/engagement/intermediate/wallpapers/DBLAWallpapersOctopusThumb.jpg",,,,,
2005, "2050", "assets/media/engagement/intermediate/wallpapers/DBLAWallpapersCritters.jpg", "assets/media/engagement/intermediate/wallpapers/DBLAWallpapersCrittersThumb.jpg",,,,,
2059, "2060", "assets/media/engagement/intermediate/wallpapers/DBLAWallpapersScience.jpg", "assets/media/engagement/intermediate/wallpapers/DBLAWallpapersScienceThumb.jpg",,,,,
2044, "2063", "assets/media/engagement/intermediate/wallpapers/DBLAWallpapersYeti.png", "assets/media/engagement/intermediate/wallpapers/DBLAWallpapersYetiThumb.jpg",,,,,
2045, "2066", "assets/media/engagement/intermediate/wallpapers/DBLAWallpapersScarynumbers.png", "assets/media/engagement/intermediate/wallpapers/DBLAWallpapersScarynumbersThumb.jpg",,,,,
2058, "2067", "assets/media/engagement/intermediate/wallpapers/DBLAWallpapersRetroWinter.jpg", "assets/media/engagement/intermediate/wallpapers/DBLAWallpapersRetroWinterThumb.jpg",,,,,
2056, "2068", "assets/media/engagement/intermediate/wallpapers/DBLAWallpapersRetro.jpg", "assets/media/engagement/intermediate/wallpapers/DBLAWallpapersRetroThumb.jpg",,,,,
2006, "2070", "assets/media/engagement/intermediate/wallpapers/DBLAWallpapersFlowerchase.png", "assets/media/engagement/intermediate/wallpapers/DBLAWallpapersFlowerchaseThumb.jpg",,,,,
2025, "2080", "assets/media/engagement/intermediate/wallpapers/DBLAWallpapersBreakdancer.jpg", "assets/media/engagement/intermediate/wallpapers/DBLAWallpapersBreakdancerThumb.jpg",,,,,
2001, "2090", "assets/media/engagement/intermediate/wallpapers/DBLAWallpapersBaseball.jpg", "assets/media/engagement/intermediate/wallpapers/DBLAWallpapersBaseballThumb.jpg",,,,,
2046, "2095", "assets/media/engagement/intermediate/wallpapers/DBLAWallpapersDarkwhispy.jpg", "assets/media/engagement/intermediate/wallpapers/DBLAWallpapersDarkwhispyThumb.jpg",,,,,
2064, "2096", "assets/media/engagement/intermediate/wallpapers/DBLAWallpapersFlappy1.jpg", "assets/media/engagement/intermediate/wallpapers/DBLAWallpapersFlappy1Thumb.jpg",,,,,
2062, "2097", "assets/media/engagement/intermediate/wallpapers/DBLAWallpapersBees2.jpg", "assets/media/engagement/intermediate/wallpapers/DBLAWallpapersBees2Thumb.jpg",,,,,
2031, "3000", "assets/media/engagement/intermediate/wallpapers/DBLAWallpapersMath4life.jpg", "assets/media/engagement/intermediate/wallpapers/DBLAWallpapersMath4lifeThumb.jpg",,,,,
2023, "3010", "assets/media/engagement/intermediate/wallpapers/DBLAWallpapersPetfriends.jpg", "assets/media/engagement/intermediate/wallpapers/DBLAWallpapersPetfriendsThumb.jpg",,,,,
2016, "3020", "assets/media/engagement/intermediate/wallpapers/DBLAWallpapersSoccer2.jpg", "assets/media/engagement/intermediate/wallpapers/DBLAWallpapersSoccer2Thumb.jpg",,,,,
2048, "3021", "assets/media/engagement/intermediate/wallpapers/DBLAWallpapersBearPool.jpg", "assets/media/engagement/intermediate/wallpapers/DBLAWallpapersBearPoolThumb.jpg",,,,,
2057, "3022", "assets/media/engagement/intermediate/wallpapers/DBLAWallpapersRetroCity.jpg", "assets/media/engagement/intermediate/wallpapers/DBLAWallpapersRetroCityThumb.jpg",,,,,
2073, "3025", "assets/media/engagement/intermediate/wallpapers/DBLAWallpapersSneakers.jpg", "assets/media/engagement/intermediate/wallpapers/DBLAWallpapersSneakersThumb.jpg",,,,,
2010, "3030", "assets/media/engagement/intermediate/wallpapers/DBLAWallpapersMathgroove.jpg", "assets/media/engagement/intermediate/wallpapers/DBLAWallpapersMathgrooveThumb.jpg",,,,,
2033, "3040", "assets/media/engagement/intermediate/wallpapers/DBLAWallpapersPapercity.jpg", "assets/media/engagement/intermediate/wallpapers/DBLAWallpapersPapercityThumb.jpg",,,,,
2068, "3080", "assets/media/engagement/intermediate/wallpapers/DBLAWallpapersNascat1.jpg", "assets/media/engagement/intermediate/wallpapers/DBLAWallpapersNascat1Thumb.jpg",,,,,
2051, "4000", "assets/media/engagement/intermediate/wallpapers/DBLAWallpapersOctopusShip.jpg", "assets/media/engagement/intermediate/wallpapers/DBLAWallpapersOctopusShipThumb.jpg",,,,,
2074, "406", "assets/media/engagement/intermediate/wallpapers/DBLAWallpapersFoxSki.jpg", "assets/media/engagement/intermediate/wallpapers/DBLAWallpapersFoxSkiThumb.jpg","winter",,,,
2075, "407", "assets/media/engagement/intermediate/wallpapers/DBLAWallpapersWinterAurora.jpg", "assets/media/engagement/intermediate/wallpapers/DBLAWallpapersWinterAuroraThumb.jpg","winter",,,,
2076, "408", "assets/media/engagement/intermediate/wallpapers/DBLAWallpapersWinterLodge.jpg", "assets/media/engagement/intermediate/wallpapers/DBLAWallpapersWinterLodgeThumb.jpg","winter",,,,
2077, "409", "assets/media/engagement/intermediate/wallpapers/DBLAWallpapersWinterSkiing.jpg", "assets/media/engagement/intermediate/wallpapers/DBLAWallpapersWinterSkiingThumb.jpg","winter",,,,
2078, "410", "assets/media/engagement/intermediate/wallpapers/DBLAWallpapersWinterKawaii.jpg", "assets/media/engagement/intermediate/wallpapers/DBLAWallpapersWinterKawaiiThumb.jpg","winter",,,,
2079, "411", "assets/media/engagement/intermediate/wallpapers/DBLAWallpapersWinterSnowboarder.jpg", "assets/media/engagement/intermediate/wallpapers/DBLAWallpapersWinterSnowboarderThumb.jpg","winter",,,,
2080, "412", "assets/media/engagement/intermediate/wallpapers/DBLAWallpapersWinterSunset.jpg", "assets/media/engagement/intermediate/wallpapers/DBLAWallpapersWinterSunsetThumb.jpg","winter",,,,
2034, "5000", "assets/media/engagement/intermediate/wallpapers/DBLAWallpapersSolidGold.jpg", "assets/media/engagement/intermediate/wallpapers/DBLAWallpapersSolidGoldThumb.jpg","switch",,,,
2100, "304", "assets/media/engagement/intermediate/wallpapers/DBLAWallpapersMathWave.jpg", "assets/media/engagement/intermediate/wallpapers/DBLAWallpapersMathWaveThumb.jpg","fall",,,,
2101, "305", "assets/media/engagement/intermediate/wallpapers/DBLAWallpapersPizza.jpg", "assets/media/engagement/intermediate/wallpapers/DBLAWallpapersPizzaThumb.jpg","fall",,,,
2102, "306", "assets/media/engagement/intermediate/wallpapers/DBLAWallpapersAstrosurf.jpg", "assets/media/engagement/intermediate/wallpapers/DBLAWallpapersAstrosurfThumb.jpg","fall",,,,
2103, "307", "assets/media/engagement/intermediate/wallpapers/DBLAWallpapersHallowKitties.jpg", "assets/media/engagement/intermediate/wallpapers/DBLAWallpapersHallowKittiesThumb.jpg","fall",,,,
2104, "308", "assets/media/engagement/intermediate/wallpapers/DBLAWallpapersCorgiLeaves.jpg", "assets/media/engagement/intermediate/wallpapers/DBLAWallpapersCorgiLeavesThumb.jpg","fall",,,,
2105, "309", "assets/media/engagement/intermediate/wallpapers/DBLAWallpapersForkKnife.jpg", "assets/media/engagement/intermediate/wallpapers/DBLAWallpapersForkKnifeThumb.jpg","fall",,,,
2106, "310", "assets/media/engagement/intermediate/wallpapers/DBLAWallpapersMountain.jpg", "assets/media/engagement/intermediate/wallpapers/DBLAWallpapersMountainThumb.jpg","fall",,,,
2107, "311", "assets/media/engagement/intermediate/wallpapers/DBLAWallpapersOwl.jpg", "assets/media/engagement/intermediate/wallpapers/DBLAWallpapersOwlThumb.jpg","fall",,,,
2108, "312", "assets/media/engagement/intermediate/wallpapers/DBLAWallpapersMakeItRain.jpg", "assets/media/engagement/intermediate/wallpapers/DBLAWallpapersMakeItRainThumb.jpg","fall",,,,
2109, "404", "assets/media/engagement/intermediate/wallpapers/DBLAWallpapersWinterPandaHockey.jpg", "assets/media/engagement/intermediate/wallpapers/DBLAWallpapersWinterPandaHockeyThumb.jpg","winter",,,,
2110, "405", "assets/media/engagement/intermediate/wallpapers/DBLAWallpapersWinterOrnaments.jpg", "assets/media/engagement/intermediate/wallpapers/DBLAWallpapersWinterOrnamentsThumb.jpg","winter",,,,
2111, "302", "assets/media/engagement/intermediate/wallpapers/DBLAWallpapersApplianceFriends.jpg", "assets/media/engagement/intermediate/wallpapers/DBLAWallpapersApplianceFriendsThumb.jpg","fall",,,,
2112, "301", "assets/media/engagement/intermediate/wallpapers/DBLAWallpapersCityGirl.jpg", "assets/media/engagement/intermediate/wallpapers/DBLAWallpapersCityGirlThumb.jpg","fall",,,,
2113, "303", "assets/media/engagement/intermediate/wallpapers/DBLAWallpapersUfo.jpg", "assets/media/engagement/intermediate/wallpapers/DBLAWallpapersUfoThumb.jpg","fall",,,,
2114, "402", "assets/media/engagement/intermediate/wallpapers/DBLAWallpapersCabin.jpg", "assets/media/engagement/intermediate/wallpapers/DBLAWallpapersCabinThumb.jpg","winter",,,,
2115, "401", "assets/media/engagement/intermediate/wallpapers/DBLAWallpapersFogmountains.jpg", "assets/media/engagement/intermediate/wallpapers/DBLAWallpapersFogmountainsThumb.jpg","winter",,,,
2116, "403", "assets/media/engagement/intermediate/wallpapers/DBLAWallpapersSnowtree.jpg", "assets/media/engagement/intermediate/wallpapers/DBLAWallpapersSnowtreeThumb.jpg","winter",,,,
2117, "104", "assets/media/engagement/intermediate/wallpapers/DBLAWallpapersKoi.jpg", "assets/media/engagement/intermediate/wallpapers/DBLAWallpapersKoiThumb.jpg","spring",,,,
2118, "101", "assets/media/engagement/intermediate/wallpapers/DBLAWallpapersMonsters.jpg", "assets/media/engagement/intermediate/wallpapers/DBLAWallpapersMonstersThumb.jpg","spring",,,,
2119, "102", "assets/media/engagement/intermediate/wallpapers/DBLAWallpapersParkourBoy.jpg", "assets/media/engagement/intermediate/wallpapers/DBLAWallpapersParkourBoyThumb.jpg","spring",,,,
2120, "103", "assets/media/engagement/intermediate/wallpapers/DBLAWallpapersParkourGirl.jpg", "assets/media/engagement/intermediate/wallpapers/DBLAWallpapersParkourGirlThumb.jpg","spring",,,,
2121, "207", "assets/media/engagement/intermediate/wallpapers/DBLAWallpaperFallThanksgivingMood.jpg", "assets/media/engagement/intermediate/wallpapers/DBLAWallpaperFallThanksgivingMoodThumb.jpg","fallSixSurprises",,,,
2122, "206", "assets/media/engagement/intermediate/wallpapers/DBLAWallpapersFallCatLeaves.jpg", "assets/media/engagement/intermediate/wallpapers/DBLAWallpapersFallCatLeavesThumb.jpg","fallFiveSurprises",,,,
2123, "205", "assets/media/engagement/intermediate/wallpapers/DBLAWallpapersFallSnowDragonCity.jpg", "assets/media/engagement/intermediate/wallpapers/DBLAWallpapersFallSnowDragonCityThumb.jpg","fallFourSurprises",,,,
2124, "204", "assets/media/engagement/intermediate/wallpapers/DBLAWallpaperWinterForest.jpg", "assets/media/engagement/intermediate/wallpapers/DBLAWallpaperWinterForestThumb.jpg","winterThreeSurprises",,,,
2125, "203", "assets/media/engagement/intermediate/wallpapers/DBLAWallpaperWinterHolidayFeeling.jpg", "assets/media/engagement/intermediate/wallpapers/DBLAWallpaperWinterHolidayFeelingThumb.jpg","winterTwoSurprises",,,,
2126, "202", "assets/media/engagement/intermediate/wallpapers/DBLAWallpaperWinterNewYearSparklers.jpg", "assets/media/engagement/intermediate/wallpapers/DBLAWallpaperWinterNewYearSparklersThumb.jpg","winterOneSurprises",,,,
2127, "201", "assets/media/engagement/intermediate/wallpapers/DBLAWallpaperWinterHappyNewYear.jpg", "assets/media/engagement/intermediate/wallpapers/DBLAWallpaperWinterHappyNewYearThumb.jpg","winterZeroSurprises",,,,
2128, "10001", "assets/media/engagement/intermediate/wallpapers/DBLAWallpapersAmericanflag.jpg", "assets/media/engagement/intermediate/wallpapers/DBLAWallpapersAmericanflagThumb.jpg",,,,,
2129, "10002", "assets/media/engagement/intermediate/wallpapers/DBLAWallpapersAustinskyline.jpg", "assets/media/engagement/intermediate/wallpapers/DBLAWallpapersAustinskylineThumb.jpg",,,TX,,
2130, "10003", "assets/media/engagement/intermediate/wallpapers/DBLAWallpapersBluebonnet.jpg", "assets/media/engagement/intermediate/wallpapers/DBLAWallpapersBluebonnetThumb.jpg",,,,,
2150, "1000",  "assets/media/engagement/intermediate/wallpapers/DBLA_35_Background.jpg", "assets/media/engagement/intermediate/wallpapers/DBLA_35_Background_thumb.png",,,,,2