module,dependent_module
components.shared.interactiveart.InteractiveArt, components.shared.scientificexpression.ScientificExpression
components.shared.popintool.FunctionGraphPopinTool,library.functiongraph
components.shared.equationbuildablemultiple.EquationBuildableMultiple,components.shared.equationbuildable.EquationBuildable
components.shared.equationbuildable.EquationBuildable,components.shared.numbertile.NumberTile
components.shared.academicpopup.AcademicPopup,components.shared.texttool.TextTool
components.shared.simpletogglebutton.SimpleToggleButton,library.manipulativecore
components.shared.inputiconlabel.InputIconLabel,library.generatorcore
components.shared.inputiconlabel.InputIconLabel,components.shared.textcomponent.TextComponent
components.shared.helppopup.HelpPopUp,components.shared.buttonradio.ButtonRadio
components.shared.shapelabeler.ShapeLabeler,components.shared.expressiontray.ExpressionTray
components.shared.shapelabeler.ShapeLabeler,library.geometry
components.shared.inputcustombackground.InputCustomBackground,components.shared.textsubstringhighlighter.TextSubstringHighlighter
components.shared.transformmultitable.TransformMultiTable,components.shared.multitable.MultiTable
components.sample.tenframemultiplebuildable.TenframeMultipleBuildable,components.sample.tenframebuildable.TenframeBuildable
library.mathsteps,library.mathjs
library.mathstepstest,library.mathsteps
lesson.support,library.lessons
lesson.support,components.shared.scientificexpression.ScientificExpression
library.lessons,library.strategyanalyzer
library.lessons,library.expressions
library.strategyanalyzer,library.fractions
library.strategyanalyzer,library.expression
library.expression,library.moo
library.expression,library.nearley
library.fractions,library.generatorcore
library.fractions,library.manipulativecore
library.graph,library.manipulativecore
library.classification,library.manipulativecore
library.manipulativecore,library.generatorcore
library.intermediateshared,library.manipulativecore
library.functiongraph,library.math
library.functiongraph,library.manipulativecore
library.minigamelib,library.fractions
library.minigamelib,library.manipulativecore
library.minigamelib,library.intermediateshared
library.nanogamelib,library.manipulativecore
library.nanogamelib,library.intermediateshared
library.rationalrodslib,library.manipulativecore
library.mathutil,library.fractions
library.geometry,library.flatten
library.spritesheetslib,library.manipulativecore
library.bundlecontroller,library.manipulativecore
engagement.intermediate.minigames.scrapercaper,library.manipulativecore
engagement.intermediate.miningames.generatortest,library.minigamelib
engagement.intermediate.miningames.fowlshot,library.minigamelib
engagement.intermediate.miningames.junkyardstomp,library.minigamelib
engagement.intermediate.nanogames.attabuoy,library.nanogamelib
engagement.intermediate.nanogames.beesaway,library.nanogamelib
engagement.intermediate.nanogames.encounters,library.nanogamelib
engagement.intermediate.nanogames.mouthtofeed,library.nanogamelib
engagement.intermediate.nanogames.raftrescue,library.nanogamelib
engagement.intermediate.nanogames.retroracer,library.nanogamelib
engagement.intermediate.nanogames.pixelpuzzle,library.nanogamelib
engagement.intermediate.nanogames.hyperfireflypanic,library.nanogamelib
engagement.intermediate.nanogames.weotterbefriends,library.nanogamelib
engagement.intermediate.achievements.Achievements,library.mathutil
engagement.intermediate.lessonchooser.LessonChooser,library.bundlecontroller
engagement.intermediate.lessonchooser.LessonChooser,engagement.intermediate.lessonsupport.LessonSupport
engagement.intermediate.lessonchooserflex.LessonChooserFlex,library.bundlecontroller
engagement.intermediate.stats.StatsScreen,engagement.intermediate.lessonchooser.LessonChooser
engagement.intermediate.stats.StatsScreen,engagement.intermediate.lessonchooserflex.LessonChooserFlex
engagement.primary.shell.Shell,engagement.shared.Shared
engagement.primary.shell.Shell,engagement.sharedmath.SharedMath
engagement.intermediate.shell.Shell,engagement.shared.Shared
engagement.intermediate.shell.Shell,engagement.sharedmath.SharedMath
engagement.squiggly.shell.Shell,engagement.shared.Shared
engagement.squiggly.shell.Shell,library.datastructures
engagement.squiggly.shell.Shell,library.spritesheetslib
engagement.squiggly.shell.Shell,library.bundlecontroller
components.literacy.texttray.TextTray,components.shared.tilestray.TilesTray
components.literacy.multichoice.MultiChoice,components.shared.buttonbankmultiplechoice.ButtonBankMultipleChoice
components.shared.rationalrodsinteractive.RationalRodsInteractive,library.rationalrodslib
components.shared.rationalrodstray.RationalRodsTray,library.rationalrodslib
components.shared.unlikerationalrodsinteractive.UnlikeRationalRodsInteractive,components.shared.rationalrodsinteractive.RationalRodsInteractive
components.shared.unlikerationalrodsinteractive.UnlikeRationalRodsInteractive,library.blockingtasks
components.shared.mathrack10wirebuildable.Mathrack10WireBuildable,components.shared.mathrack1wirebuildable.Mathrack1WireBuildable
components.shared.mathrack10wiredisplay.Mathrack10WireDisplay,components.shared.mathrack1wiredisplay.Mathrack1WireDisplay
components.shared.mathrack1wirebuildable.Mathrack1WireBuildable,components.shared.mathrack1wiredisplay.Mathrack1WireDisplay
components.shared.mathrack2wirebuildable.Mathrack2WireBuildable,components.shared.mathrack1wirebuildable.Mathrack1WireBuildable
components.shared.mathrack2wiredisplay.Mathrack2WireDisplay,components.shared.mathrack1wiredisplay.Mathrack1WireDisplay
components.shared.mathrack2wiremultiplechoice.Mathrack2WireMultipleChoice,components.shared.mathrack2wiredisplay.Mathrack2WireDisplay
components.shared.mathrack2wiremultiplechoice.Mathrack2WireMultipleChoice,components.shared.symbolmultiplechoice.SymbolMultipleChoice
components.shared.mathrack2wiretutorial.Mathrack2WireTutorial,components.shared.mathrack1wiredisplay.Mathrack1WireDisplay
components.shared.mathrack2wiretutorial.Mathrack2WireTutorial,components.shared.mathrack2wirebuildable.Mathrack2WireBuildable
modules.sample,modules.common
modules.neon,modules.common